{
  "timeslots": [
    {
      "id": 1,
      "procedure": {
        "id": 701,
        "orderNo": "ORD-2024-007",
        "machineNo": "01",
        "name": "管道加工",
        "duration": 480,
        "procedureNo": 10,
        "nextProcedureNo": [
          20
        ],
        "startTime": "2024-11-01T09:00:00",
        "endTime": "2024-11-01T17:00:00",
        "status": "PENDING"
      },
      "order": {
        "id": 7,
        "name": "液压系统装配",
        "orderNo": "ORD-2024-007",
        "priority": 1,
        "startDate": null,
        "endDate": null
      },
      "machine": {
        "id": 1,
        "name": "Machine 1",
        "machineNo": "01",
        "model": "M1"
      },
      "maintenance": {
        "id": 1,
        "machine": {
          "id": 1,
          "name": "Machine 1",
          "machineNo": "01",
          "model": "M1"
        },
        "date": "2024-10-17",
        "capacity": 480,
        "status": "IDLE",
        "description": null,
        "startTime": "09:00:00",
        "endTime": "17:00:00",
        "usageTime": 520
      },
      "dailyHours": 480,
      "dateTime": "2024-10-17T09:00:00",
      "manual": false
    },
    {
      "id": 2,
      "procedure": {
        "id": 702,
        "orderNo": "ORD-2024-007",
        "machineNo": "02",
        "name": "阀门组装",
        "duration": 1000,
        "procedureNo": 20,
        "nextProcedureNo": [
          30
        ],
        "startTime": "2024-10-18T09:00:00",
        "endTime": "2024-10-27T17:00:00",
        "status": "PENDING"
      },
      "order": {
        "id": 7,
        "name": "液压系统装配",
        "orderNo": "ORD-2024-007",
        "priority": 1,
        "startDate": null,
        "endDate": null
      },
      "machine": {
        "id": 2,
        "name": "Machine 2",
        "machineNo": "02",
        "model": "M2"
      },
      "maintenance": {
        "id": 31,
        "machine": {
          "id": 2,
          "name": "Machine 2",
          "machineNo": "02",
          "model": "M2"
        },
        "date": "2024-10-19",
        "capacity": 480,
        "status": "IDLE",
        "description": null,
        "startTime": "09:00:00",
        "endTime": "17:00:00",
        "usageTime": 480
      },
      "dailyHours": 480,
      "dateTime": "2024-10-19T09:00:00",
      "manual": false
    },
    {
      "id": 3,
      "procedure": {
        "id": 702,
        "orderNo": "ORD-2024-007",
        "machineNo": "02",
        "name": "阀门组装",
        "duration": 1000,
        "procedureNo": 20,
        "nextProcedureNo": [
          30
        ],
        "startTime": "2024-10-18T09:00:00",
        "endTime": "2024-10-27T17:00:00",
        "status": "PENDING"
      },
      "order": {
        "id": 7,
        "name": "液压系统装配",
        "orderNo": "ORD-2024-007",
        "priority": 1,
        "startDate": null,
        "endDate": null
      },
      "machine": {
        "id": 2,
        "name": "Machine 2",
        "machineNo": "02",
        "model": "M2"
      },
      "maintenance": {
        "id": 32,
        "machine": {
          "id": 2,
          "name": "Machine 2",
          "machineNo": "02",
          "model": "M2"
        },
        "date": "2024-10-20",
        "capacity": 480,
        "status": "IDLE",
        "description": null,
        "startTime": "09:00:00",
        "endTime": "17:00:00",
        "usageTime": 480
      },
      "dailyHours": 480,
      "dateTime": "2024-10-20T09:00:00",
      "manual": false
    },
    {
      "id": 4,
      "procedure": {
        "id": 702,
        "orderNo": "ORD-2024-007",
        "machineNo": "02",
        "name": "阀门组装",
        "duration": 1000,
        "procedureNo": 20,
        "nextProcedureNo": [
          30
        ],
        "startTime": "2024-10-18T09:00:00",
        "endTime": "2024-10-27T17:00:00",
        "status": "PENDING"
      },
      "order": {
        "id": 7,
        "name": "液压系统装配",
        "orderNo": "ORD-2024-007",
        "priority": 1,
        "startDate": null,
        "endDate": null
      },
      "machine": {
        "id": 2,
        "name": "Machine 2",
        "machineNo": "02",
        "model": "M2"
      },
      "maintenance": {
        "id": 30,
        "machine": {
          "id": 2,
          "name": "Machine 2",
          "machineNo": "02",
          "model": "M2"
        },
        "date": "2024-10-18",
        "capacity": 480,
        "status": "IDLE",
        "description": null,
        "startTime": "09:00:00",
        "endTime": "17:00:00",
        "usageTime": 40
      },
      "dailyHours": 40,
      "dateTime": "2024-10-18T09:00:00",
      "manual": false
    },
    {
      "id": 5,
      "procedure": {
        "id": 703,
        "orderNo": "ORD-2024-007",
        "machineNo": "03",
        "name": "泵体安装",
        "duration": 960,
        "procedureNo": 30,
        "nextProcedureNo": [
          40
        ],
        "startTime": "2024-10-21T09:00:00",
        "endTime": "2024-10-26T17:00:00",
        "status": "PENDING"
      },
      "order": {
        "id": 7,
        "name": "液压系统装配",
        "orderNo": "ORD-2024-007",
        "priority": 1,
        "startDate": null,
        "endDate": null
      },
      "machine": {
        "id": 3,
        "name": "Machine 3",
        "machineNo": "03",
        "model": "M3"
      },
      "maintenance": {
        "id": 62,
        "machine": {
          "id": 3,
          "name": "Machine 3",
          "machineNo": "03",
          "model": "M3"
        },
        "date": "2024-10-22",
        "capacity": 480,
        "status": "IDLE",
        "description": null,
        "startTime": "09:00:00",
        "endTime": "17:00:00",
        "usageTime": 480
      },
      "dailyHours": 480,
      "dateTime": "2024-10-22T09:00:00",
      "manual": false
    },
    {
      "id": 6,
      "procedure": {
        "id": 703,
        "orderNo": "ORD-2024-007",
        "machineNo": "03",
        "name": "泵体安装",
        "duration": 960,
        "procedureNo": 30,
        "nextProcedureNo": [
          40
        ],
        "startTime": "2024-10-21T09:00:00",
        "endTime": "2024-10-26T17:00:00",
        "status": "PENDING"
      },
      "order": {
        "id": 7,
        "name": "液压系统装配",
        "orderNo": "ORD-2024-007",
        "priority": 1,
        "startDate": null,
        "endDate": null
      },
      "machine": {
        "id": 3,
        "name": "Machine 3",
        "machineNo": "03",
        "model": "M3"
      },
      "maintenance": {
        "id": 61,
        "machine": {
          "id": 3,
          "name": "Machine 3",
          "machineNo": "03",
          "model": "M3"
        },
        "date": "2024-10-21",
        "capacity": 480,
        "status": "IDLE",
        "description": null,
        "startTime": "09:00:00",
        "endTime": "17:00:00",
        "usageTime": 480
      },
      "dailyHours": 480,
      "dateTime": "2024-10-21T09:00:00",
      "manual": false
    },
    {
      "id": 7,
      "procedure": {
        "id": 704,
        "orderNo": "ORD-2024-007",
        "machineNo": "04",
        "name": "系统集成",
        "duration": 480,
        "procedureNo": 40,
        "nextProcedureNo": [
          50
        ],
        "startTime": "2024-11-06T09:00:00",
        "endTime": "2024-11-06T17:00:00",
        "status": "PENDING"
      },
      "order": {
        "id": 7,
        "name": "液压系统装配",
        "orderNo": "ORD-2024-007",
        "priority": 1,
        "startDate": null,
        "endDate": null
      },
      "machine": {
        "id": 4,
        "name": "Machine 4",
        "machineNo": "04",
        "model": "M4"
      },
      "maintenance": {
        "id": 94,
        "machine": {
          "id": 4,
          "name": "Machine 4",
          "machineNo": "04",
          "model": "M4"
        },
        "date": "2024-10-26",
        "capacity": 480,
        "status": "IDLE",
        "description": null,
        "startTime": "09:00:00",
        "endTime": "17:00:00",
        "usageTime": 480
      },
      "dailyHours": 480,
      "dateTime": "2024-10-26T09:00:00",
      "manual": false
    },
    {
      "id": 8,
      "procedure": {
        "id": 705,
        "orderNo": "ORD-2024-007",
        "machineNo": "05",
        "name": "压力测试",
        "duration": 800,
        "procedureNo": 50,
        "nextProcedureNo": [],
        "startTime": "2024-10-20T09:00:00",
        "endTime": "2024-10-30T14:20:00",
        "status": "PENDING"
      },
      "order": {
        "id": 7,
        "name": "液压系统装配",
        "orderNo": "ORD-2024-007",
        "priority": 1,
        "startDate": null,
        "endDate": null
      },
      "machine": {
        "id": 5,
        "name": "Machine 5",
        "machineNo": "05",
        "model": "M5"
      },
      "maintenance": {
        "id": 123,
        "machine": {
          "id": 5,
          "name": "Machine 5",
          "machineNo": "05",
          "model": "M5"
        },
        "date": "2024-10-27",
        "capacity": 480,
        "status": "IDLE",
        "description": null,
        "startTime": "09:00:00",
        "endTime": "17:00:00",
        "usageTime": 480
      },
      "dailyHours": 480,
      "dateTime": "2024-10-27T09:00:00",
      "manual": false
    },
    {
      "id": 9,
      "procedure": {
        "id": 705,
        "orderNo": "ORD-2024-007",
        "machineNo": "05",
        "name": "压力测试",
        "duration": 800,
        "procedureNo": 50,
        "nextProcedureNo": [],
        "startTime": "2024-10-20T09:00:00",
        "endTime": "2024-10-30T14:20:00",
        "status": "PENDING"
      },
      "order": {
        "id": 7,
        "name": "液压系统装配",
        "orderNo": "ORD-2024-007",
        "priority": 1,
        "startDate": null,
        "endDate": null
      },
      "machine": {
        "id": 5,
        "name": "Machine 5",
        "machineNo": "05",
        "model": "M5"
      },
      "maintenance": {
        "id": 126,
        "machine": {
          "id": 5,
          "name": "Machine 5",
          "machineNo": "05",
          "model": "M5"
        },
        "date": "2024-10-30",
        "capacity": 480,
        "status": "IDLE",
        "description": null,
        "startTime": "09:00:00",
        "endTime": "17:00:00",
        "usageTime": 320
      },
      "dailyHours": 320,
      "dateTime": "2024-10-30T09:00:00",
      "manual": false
    },
    {
      "id": 10,
      "procedure": {
        "id": 801,
        "orderNo": "ORD-2024-008",
        "machineNo": "01",
        "name": "故障诊断",
        "duration": 600,
        "procedureNo": 10,
        "nextProcedureNo": [
          20
        ],
        "startTime": "2024-10-18T09:00:00",
        "endTime": "2024-11-06T17:00:00",
        "status": "PENDING"
      },
      "order": {
        "id": 8,
        "name": "工业机器人维修",
        "orderNo": "ORD-2024-008",
        "priority": 3,
        "startDate": null,
        "endDate": null
      },
      "machine": {
        "id": 1,
        "name": "Machine 1",
        "machineNo": "01",
        "model": "M1"
      },
      "maintenance": {
        "id": 4,
        "machine": {
          "id": 1,
          "name": "Machine 1",
          "machineNo": "01",
          "model": "M1"
        },
        "date": "2024-10-20",
        "capacity": 480,
        "status": "IDLE",
        "description": null,
        "startTime": "09:00:00",
        "endTime": "17:00:00",
        "usageTime": 480
      },
      "dailyHours": 480,
      "dateTime": "2024-10-20T09:00:00",
      "manual": false
    },
    {
      "id": 11,
      "procedure": {
        "id": 801,
        "orderNo": "ORD-2024-008",
        "machineNo": "01",
        "name": "故障诊断",
        "duration": 600,
        "procedureNo": 10,
        "nextProcedureNo": [
          20
        ],
        "startTime": "2024-10-18T09:00:00",
        "endTime": "2024-11-06T17:00:00",
        "status": "PENDING"
      },
      "order": {
        "id": 8,
        "name": "工业机器人维修",
        "orderNo": "ORD-2024-008",
        "priority": 3,
        "startDate": null,
        "endDate": null
      },
      "machine": {
        "id": 1,
        "name": "Machine 1",
        "machineNo": "01",
        "model": "M1"
      },
      "maintenance": {
        "id": 2,
        "machine": {
          "id": 1,
          "name": "Machine 1",
          "machineNo": "01",
          "model": "M1"
        },
        "date": "2024-10-18",
        "capacity": 480,
        "status": "IDLE",
        "description": null,
        "startTime": "09:00:00",
        "endTime": "17:00:00",
        "usageTime": 120
      },
      "dailyHours": 120,
      "dateTime": "2024-10-18T09:00:00",
      "manual": false
    },
    {
      "id": 12,
      "procedure": {
        "id": 802,
        "orderNo": "ORD-2024-008",
        "machineNo": "02",
        "name": "零件更换",
        "duration": 480,
        "procedureNo": 20,
        "nextProcedureNo": [
          30
        ],
        "startTime": "2024-11-04T09:00:00",
        "endTime": "2024-11-04T17:00:00",
        "status": "PENDING"
      },
      "order": {
        "id": 8,
        "name": "工业机器人维修",
        "orderNo": "ORD-2024-008",
        "priority": 3,
        "startDate": null,
        "endDate": null
      },
      "machine": {
        "id": 2,
        "name": "Machine 2",
        "machineNo": "02",
        "model": "M2"
      },
      "maintenance": {
        "id": 33,
        "machine": {
          "id": 2,
          "name": "Machine 2",
          "machineNo": "02",
          "model": "M2"
        },
        "date": "2024-10-21",
        "capacity": 480,
        "status": "IDLE",
        "description": null,
        "startTime": "09:00:00",
        "endTime": "17:00:00",
        "usageTime": 480
      },
      "dailyHours": 480,
      "dateTime": "2024-10-21T09:00:00",
      "manual": false
    },
    {
      "id": 13,
      "procedure": {
        "id": 803,
        "orderNo": "ORD-2024-008",
        "machineNo": "03",
        "name": "系统校准",
        "duration": 600,
        "procedureNo": 30,
        "nextProcedureNo": [
          40
        ],
        "startTime": "2024-10-25T09:00:00",
        "endTime": "2024-10-31T11:00:00",
        "status": "PENDING"
      },
      "order": {
        "id": 8,
        "name": "工业机器人维修",
        "orderNo": "ORD-2024-008",
        "priority": 3,
        "startDate": null,
        "endDate": null
      },
      "machine": {
        "id": 3,
        "name": "Machine 3",
        "machineNo": "03",
        "model": "M3"
      },
      "maintenance": {
        "id": 65,
        "machine": {
          "id": 3,
          "name": "Machine 3",
          "machineNo": "03",
          "model": "M3"
        },
        "date": "2024-10-25",
        "capacity": 480,
        "status": "IDLE",
        "description": null,
        "startTime": "09:00:00",
        "endTime": "17:00:00",
        "usageTime": 480
      },
      "dailyHours": 480,
      "dateTime": "2024-10-25T09:00:00",
      "manual": false
    },
    {
      "id": 14,
      "procedure": {
        "id": 803,
        "orderNo": "ORD-2024-008",
        "machineNo": "03",
        "name": "系统校准",
        "duration": 600,
        "procedureNo": 30,
        "nextProcedureNo": [
          40
        ],
        "startTime": "2024-10-25T09:00:00",
        "endTime": "2024-10-31T11:00:00",
        "status": "PENDING"
      },
      "order": {
        "id": 8,
        "name": "工业机器人维修",
        "orderNo": "ORD-2024-008",
        "priority": 3,
        "startDate": null,
        "endDate": null
      },
      "machine": {
        "id": 3,
        "name": "Machine 3",
        "machineNo": "03",
        "model": "M3"
      },
      "maintenance": {
        "id": 63,
        "machine": {
          "id": 3,
          "name": "Machine 3",
          "machineNo": "03",
          "model": "M3"
        },
        "date": "2024-10-23",
        "capacity": 480,
        "status": "IDLE",
        "description": null,
        "startTime": "09:00:00",
        "endTime": "17:00:00",
        "usageTime": 120
      },
      "dailyHours": 120,
      "dateTime": "2024-10-23T09:00:00",
      "manual": false
    },
    {
      "id": 15,
      "procedure": {
        "id": 804,
        "orderNo": "ORD-2024-008",
        "machineNo": "04",
        "name": "功能测试",
        "duration": 600,
        "procedureNo": 40,
        "nextProcedureNo": [],
        "startTime": "2024-10-28T09:00:00",
        "endTime": "2024-11-10T17:00:00",
        "status": "PENDING"
      },
      "order": {
        "id": 8,
        "name": "工业机器人维修",
        "orderNo": "ORD-2024-008",
        "priority": 3,
        "startDate": null,
        "endDate": null
      },
      "machine": {
        "id": 4,
        "name": "Machine 4",
        "machineNo": "04",
        "model": "M4"
      },
      "maintenance": {
        "id": 98,
        "machine": {
          "id": 4,
          "name": "Machine 4",
          "machineNo": "04",
          "model": "M4"
        },
        "date": "2024-10-30",
        "capacity": 480,
        "status": "IDLE",
        "description": null,
        "startTime": "09:00:00",
        "endTime": "17:00:00",
        "usageTime": 480
      },
      "dailyHours": 480,
      "dateTime": "2024-10-30T09:00:00",
      "manual": false
    },
    {
      "id": 16,
      "procedure": {
        "id": 804,
        "orderNo": "ORD-2024-008",
        "machineNo": "04",
        "name": "功能测试",
        "duration": 600,
        "procedureNo": 40,
        "nextProcedureNo": [],
        "startTime": "2024-10-28T09:00:00",
        "endTime": "2024-11-10T17:00:00",
        "status": "PENDING"
      },
      "order": {
        "id": 8,
        "name": "工业机器人维修",
        "orderNo": "ORD-2024-008",
        "priority": 3,
        "startDate": null,
        "endDate": null
      },
      "machine": {
        "id": 4,
        "name": "Machine 4",
        "machineNo": "04",
        "model": "M4"
      },
      "maintenance": {
        "id": 96,
        "machine": {
          "id": 4,
          "name": "Machine 4",
          "machineNo": "04",
          "model": "M4"
        },
        "date": "2024-10-28",
        "capacity": 480,
        "status": "IDLE",
        "description": null,
        "startTime": "09:00:00",
        "endTime": "17:00:00",
        "usageTime": 600
      },
      "dailyHours": 120,
      "dateTime": "2024-10-28T09:00:00",
      "manual": false
    },
    {
      "id": 17,
      "procedure": {
        "id": 501,
        "orderNo": "ORD-2024-005",
        "machineNo": "01",
        "name": "PCB设计",
        "duration": 800,
        "procedureNo": 10,
        "nextProcedureNo": [
          20
        ],
        "startTime": "2024-10-27T09:00:00",
        "endTime": "2024-11-02T17:00:00",
        "status": "PENDING"
      },
      "order": {
        "id": 5,
        "name": "电路板制造",
        "orderNo": "ORD-2024-005",
        "priority": 1,
        "startDate": null,
        "endDate": null
      },
      "machine": {
        "id": 1,
        "name": "Machine 1",
        "machineNo": "01",
        "model": "M1"
      },
      "maintenance": {
        "id": 17,
        "machine": {
          "id": 1,
          "name": "Machine 1",
          "machineNo": "01",
          "model": "M1"
        },
        "date": "2024-11-02",
        "capacity": 480,
        "status": "IDLE",
        "description": null,
        "startTime": "09:00:00",
        "endTime": "17:00:00",
        "usageTime": 480
      },
      "dailyHours": 480,
      "dateTime": "2024-11-02T09:00:00",
      "manual": false
    },
    {
      "id": 18,
      "procedure": {
        "id": 501,
        "orderNo": "ORD-2024-005",
        "machineNo": "01",
        "name": "PCB设计",
        "duration": 800,
        "procedureNo": 10,
        "nextProcedureNo": [
          20
        ],
        "startTime": "2024-10-27T09:00:00",
        "endTime": "2024-11-02T17:00:00",
        "status": "PENDING"
      },
      "order": {
        "id": 5,
        "name": "电路板制造",
        "orderNo": "ORD-2024-005",
        "priority": 1,
        "startDate": null,
        "endDate": null
      },
      "machine": {
        "id": 1,
        "name": "Machine 1",
        "machineNo": "01",
        "model": "M1"
      },
      "maintenance": {
        "id": 11,
        "machine": {
          "id": 1,
          "name": "Machine 1",
          "machineNo": "01",
          "model": "M1"
        },
        "date": "2024-10-27",
        "capacity": 480,
        "status": "IDLE",
        "description": null,
        "startTime": "09:00:00",
        "endTime": "17:00:00",
        "usageTime": 320
      },
      "dailyHours": 320,
      "dateTime": "2024-10-27T09:00:00",
      "manual": false
    },
    {
      "id": 19,
      "procedure": {
        "id": 502,
        "orderNo": "ORD-2024-005",
        "machineNo": "02",
        "name": "电路蚀刻",
        "duration": 480,
        "procedureNo": 20,
        "nextProcedureNo": [
          30
        ],
        "startTime": "2024-10-20T09:00:00",
        "endTime": "2024-10-20T17:00:00",
        "status": "PENDING"
      },
      "order": {
        "id": 5,
        "name": "电路板制造",
        "orderNo": "ORD-2024-005",
        "priority": 1,
        "startDate": null,
        "endDate": null
      },
      "machine": {
        "id": 2,
        "name": "Machine 2",
        "machineNo": "02",
        "model": "M2"
      },
      "maintenance": {
        "id": 46,
        "machine": {
          "id": 2,
          "name": "Machine 2",
          "machineNo": "02",
          "model": "M2"
        },
        "date": "2024-11-03",
        "capacity": 480,
        "status": "IDLE",
        "description": null,
        "startTime": "09:00:00",
        "endTime": "17:00:00",
        "usageTime": 480
      },
      "dailyHours": 480,
      "dateTime": "2024-11-03T09:00:00",
      "manual": false
    },
    {
      "id": 20,
      "procedure": {
        "id": 503,
        "orderNo": "ORD-2024-005",
        "machineNo": "03",
        "name": "元件焊接",
        "duration": 480,
        "procedureNo": 30,
        "nextProcedureNo": [
          40
        ],
        "startTime": "2024-11-03T09:00:00",
        "endTime": "2024-11-03T17:00:00",
        "status": "PENDING"
      },
      "order": {
        "id": 5,
        "name": "电路板制造",
        "orderNo": "ORD-2024-005",
        "priority": 1,
        "startDate": null,
        "endDate": null
      },
      "machine": {
        "id": 3,
        "name": "Machine 3",
        "machineNo": "03",
        "model": "M3"
      },
      "maintenance": {
        "id": 60,
        "machine": {
          "id": 3,
          "name": "Machine 3",
          "machineNo": "03",
          "model": "M3"
        },
        "date": "2024-10-20",
        "capacity": 480,
        "status": "IDLE",
        "description": null,
        "startTime": "09:00:00",
        "endTime": "17:00:00",
        "usageTime": 960
      },
      "dailyHours": 480,
      "dateTime": "2024-10-20T09:00:00",
      "manual": false
    },
    {
      "id": 21,
      "procedure": {
        "id": 504,
        "orderNo": "ORD-2024-005",
        "machineNo": "04",
        "name": "功能测试",
        "duration": 480,
        "procedureNo": 40,
        "nextProcedureNo": [],
        "startTime": "2024-11-03T09:00:00",
        "endTime": "2024-11-03T17:00:00",
        "status": "PENDING"
      },
      "order": {
        "id": 5,
        "name": "电路板制造",
        "orderNo": "ORD-2024-005",
        "priority": 1,
        "startDate": null,
        "endDate": null
      },
      "machine": {
        "id": 4,
        "name": "Machine 4",
        "machineNo": "04",
        "model": "M4"
      },
      "maintenance": {
        "id": 89,
        "machine": {
          "id": 4,
          "name": "Machine 4",
          "machineNo": "04",
          "model": "M4"
        },
        "date": "2024-10-21",
        "capacity": 480,
        "status": "IDLE",
        "description": null,
        "startTime": "09:00:00",
        "endTime": "17:00:00",
        "usageTime": 960
      },
      "dailyHours": 480,
      "dateTime": "2024-10-21T09:00:00",
      "manual": false
    },
    {
      "id": 22,
      "procedure": {
        "id": 601,
        "orderNo": "ORD-2024-006",
        "machineNo": "01",
        "name": "传感器校准",
        "duration": 480,
        "procedureNo": 10,
        "nextProcedureNo": [
          20
        ],
        "startTime": "2024-10-31T09:00:00",
        "endTime": "2024-10-31T17:00:00",
        "status": "PENDING"
      },
      "order": {
        "id": 6,
        "name": "工业传感器组装",
        "orderNo": "ORD-2024-006",
        "priority": 2,
        "startDate": null,
        "endDate": null
      },
      "machine": {
        "id": 1,
        "name": "Machine 1",
        "machineNo": "01",
        "model": "M1"
      },
      "maintenance": {
        "id": 3,
        "machine": {
          "id": 1,
          "name": "Machine 1",
          "machineNo": "01",
          "model": "M1"
        },
        "date": "2024-10-19",
        "capacity": 480,
        "status": "IDLE",
        "description": null,
        "startTime": "09:00:00",
        "endTime": "17:00:00",
        "usageTime": 960
      },
      "dailyHours": 480,
      "dateTime": "2024-10-19T09:00:00",
      "manual": false
    },
    {
      "id": 23,
      "procedure": {
        "id": 602,
        "orderNo": "ORD-2024-006",
        "machineNo": "02",
        "name": "电路组装",
        "duration": 960,
        "procedureNo": 20,
        "nextProcedureNo": [
          30
        ],
        "startTime": "2024-10-23T09:00:00",
        "endTime": "2024-10-25T17:00:00",
        "status": "PENDING"
      },
      "order": {
        "id": 6,
        "name": "工业传感器组装",
        "orderNo": "ORD-2024-006",
        "priority": 2,
        "startDate": null,
        "endDate": null
      },
      "machine": {
        "id": 2,
        "name": "Machine 2",
        "machineNo": "02",
        "model": "M2"
      },
      "maintenance": {
        "id": 35,
        "machine": {
          "id": 2,
          "name": "Machine 2",
          "machineNo": "02",
          "model": "M2"
        },
        "date": "2024-10-23",
        "capacity": 480,
        "status": "IDLE",
        "description": null,
        "startTime": "09:00:00",
        "endTime": "17:00:00",
        "usageTime": 480
      },
      "dailyHours": 480,
      "dateTime": "2024-10-23T09:00:00",
      "manual": false
    },
    {
      "id": 24,
      "procedure": {
        "id": 602,
        "orderNo": "ORD-2024-006",
        "machineNo": "02",
        "name": "电路组装",
        "duration": 960,
        "procedureNo": 20,
        "nextProcedureNo": [
          30
        ],
        "startTime": "2024-10-23T09:00:00",
        "endTime": "2024-10-25T17:00:00",
        "status": "PENDING"
      },
      "order": {
        "id": 6,
        "name": "工业传感器组装",
        "orderNo": "ORD-2024-006",
        "priority": 2,
        "startDate": null,
        "endDate": null
      },
      "machine": {
        "id": 2,
        "name": "Machine 2",
        "machineNo": "02",
        "model": "M2"
      },
      "maintenance": {
        "id": 37,
        "machine": {
          "id": 2,
          "name": "Machine 2",
          "machineNo": "02",
          "model": "M2"
        },
        "date": "2024-10-25",
        "capacity": 480,
        "status": "IDLE",
        "description": null,
        "startTime": "09:00:00",
        "endTime": "17:00:00",
        "usageTime": 960
      },
      "dailyHours": 480,
      "dateTime": "2024-10-25T09:00:00",
      "manual": false
    },
    {
      "id": 25,
      "procedure": {
        "id": 603,
        "orderNo": "ORD-2024-006",
        "machineNo": "03",
        "name": "外壳安装",
        "duration": 480,
        "procedureNo": 30,
        "nextProcedureNo": [
          40
        ],
        "startTime": "2024-11-10T09:00:00",
        "endTime": "2024-11-10T17:00:00",
        "status": "PENDING"
      },
      "order": {
        "id": 6,
        "name": "工业传感器组装",
        "orderNo": "ORD-2024-006",
        "priority": 2,
        "startDate": null,
        "endDate": null
      },
      "machine": {
        "id": 3,
        "name": "Machine 3",
        "machineNo": "03",
        "model": "M3"
      },
      "maintenance": {
        "id": 67,
        "machine": {
          "id": 3,
          "name": "Machine 3",
          "machineNo": "03",
          "model": "M3"
        },
        "date": "2024-10-27",
        "capacity": 480,
        "status": "IDLE",
        "description": null,
        "startTime": "09:00:00",
        "endTime": "17:00:00",
        "usageTime": 480
      },
      "dailyHours": 480,
      "dateTime": "2024-10-27T09:00:00",
      "manual": false
    },
    {
      "id": 26,
      "procedure": {
        "id": 604,
        "orderNo": "ORD-2024-006",
        "machineNo": "04",
        "name": "功能测试",
        "duration": 480,
        "procedureNo": 40,
        "nextProcedureNo": [],
        "startTime": "2024-11-10T09:00:00",
        "endTime": "2024-11-10T17:00:00",
        "status": "PENDING"
      },
      "order": {
        "id": 6,
        "name": "工业传感器组装",
        "orderNo": "ORD-2024-006",
        "priority": 2,
        "startDate": null,
        "endDate": null
      },
      "machine": {
        "id": 4,
        "name": "Machine 4",
        "machineNo": "04",
        "model": "M4"
      },
      "maintenance": {
        "id": 97,
        "machine": {
          "id": 4,
          "name": "Machine 4",
          "machineNo": "04",
          "model": "M4"
        },
        "date": "2024-10-29",
        "capacity": 480,
        "status": "IDLE",
        "description": null,
        "startTime": "09:00:00",
        "endTime": "17:00:00",
        "usageTime": 960
      },
      "dailyHours": 480,
      "dateTime": "2024-10-29T09:00:00",
      "manual": false
    },
    {
      "id": 27,
      "procedure": {
        "id": 301,
        "orderNo": "ORD-2024-003",
        "machineNo": "01",
        "name": "塑料制粒",
        "duration": 480,
        "procedureNo": 10,
        "nextProcedureNo": [
          20
        ],
        "startTime": "2024-11-03T09:00:00",
        "endTime": "2024-11-03T17:00:00",
        "status": "PENDING"
      },
      "order": {
        "id": 3,
        "name": "塑料外壳生产",
        "orderNo": "ORD-2024-003",
        "priority": 3,
        "startDate": null,
        "endDate": null
      },
      "machine": {
        "id": 1,
        "name": "Machine 1",
        "machineNo": "01",
        "model": "M1"
      },
      "maintenance": {
        "id": 6,
        "machine": {
          "id": 1,
          "name": "Machine 1",
          "machineNo": "01",
          "model": "M1"
        },
        "date": "2024-10-22",
        "capacity": 480,
        "status": "IDLE",
        "description": null,
        "startTime": "09:00:00",
        "endTime": "17:00:00",
        "usageTime": 480
      },
      "dailyHours": 480,
      "dateTime": "2024-10-22T09:00:00",
      "manual": false
    },
    {
      "id": 28,
      "procedure": {
        "id": 302,
        "orderNo": "ORD-2024-003",
        "machineNo": "02",
        "name": "注塑成型",
        "duration": 900,
        "procedureNo": 20,
        "nextProcedureNo": [
          30
        ],
        "startTime": "2024-10-22T09:00:00",
        "endTime": "2024-10-24T16:00:00",
        "status": "PENDING"
      },
      "order": {
        "id": 3,
        "name": "塑料外壳生产",
        "orderNo": "ORD-2024-003",
        "priority": 3,
        "startDate": null,
        "endDate": null
      },
      "machine": {
        "id": 2,
        "name": "Machine 2",
        "machineNo": "02",
        "model": "M2"
      },
      "maintenance": {
        "id": 38,
        "machine": {
          "id": 2,
          "name": "Machine 2",
          "machineNo": "02",
          "model": "M2"
        },
        "date": "2024-10-26",
        "capacity": 480,
        "status": "IDLE",
        "description": null,
        "startTime": "09:00:00",
        "endTime": "17:00:00",
        "usageTime": 480
      },
      "dailyHours": 480,
      "dateTime": "2024-10-26T09:00:00",
      "manual": false
    },
    {
      "id": 29,
      "procedure": {
        "id": 302,
        "orderNo": "ORD-2024-003",
        "machineNo": "02",
        "name": "注塑成型",
        "duration": 900,
        "procedureNo": 20,
        "nextProcedureNo": [
          30
        ],
        "startTime": "2024-10-22T09:00:00",
        "endTime": "2024-10-24T16:00:00",
        "status": "PENDING"
      },
      "order": {
        "id": 3,
        "name": "塑料外壳生产",
        "orderNo": "ORD-2024-003",
        "priority": 3,
        "startDate": null,
        "endDate": null
      },
      "machine": {
        "id": 2,
        "name": "Machine 2",
        "machineNo": "02",
        "model": "M2"
      },
      "maintenance": {
        "id": 36,
        "machine": {
          "id": 2,
          "name": "Machine 2",
          "machineNo": "02",
          "model": "M2"
        },
        "date": "2024-10-24",
        "capacity": 480,
        "status": "IDLE",
        "description": null,
        "startTime": "09:00:00",
        "endTime": "17:00:00",
        "usageTime": 420
      },
      "dailyHours": 420,
      "dateTime": "2024-10-24T09:00:00",
      "manual": false
    },
    {
      "id": 30,
      "procedure": {
        "id": 303,
        "orderNo": "ORD-2024-003",
        "machineNo": "03",
        "name": "冷却",
        "duration": 600,
        "procedureNo": 30,
        "nextProcedureNo": [
          40
        ],
        "startTime": "2024-11-02T09:00:00",
        "endTime": "2024-11-02T17:00:00",
        "status": "PENDING"
      },
      "order": {
        "id": 3,
        "name": "塑料外壳生产",
        "orderNo": "ORD-2024-003",
        "priority": 3,
        "startDate": null,
        "endDate": null
      },
      "machine": {
        "id": 3,
        "name": "Machine 3",
        "machineNo": "03",
        "model": "M3"
      },
      "maintenance": {
        "id": 74,
        "machine": {
          "id": 3,
          "name": "Machine 3",
          "machineNo": "03",
          "model": "M3"
        },
        "date": "2024-11-03",
        "capacity": 480,
        "status": "IDLE",
        "description": null,
        "startTime": "09:00:00",
        "endTime": "17:00:00",
        "usageTime": 120
      },
      "dailyHours": 480,
      "dateTime": "2024-11-03T09:00:00",
      "manual": false
    },
    {
      "id": 31,
      "procedure": {
        "id": 303,
        "orderNo": "ORD-2024-003",
        "machineNo": "03",
        "name": "冷却",
        "duration": 600,
        "procedureNo": 30,
        "nextProcedureNo": [
          40
        ],
        "startTime": "2024-11-02T09:00:00",
        "endTime": "2024-11-02T17:00:00",
        "status": "PENDING"
      },
      "order": {
        "id": 3,
        "name": "塑料外壳生产",
        "orderNo": "ORD-2024-003",
        "priority": 3,
        "startDate": null,
        "endDate": null
      },
      "machine": {
        "id": 3,
        "name": "Machine 3",
        "machineNo": "03",
        "model": "M3"
      },
      "maintenance": {
        "id": 73,
        "machine": {
          "id": 3,
          "name": "Machine 3",
          "machineNo": "03",
          "model": "M3"
        },
        "date": "2024-11-02",
        "capacity": 480,
        "status": "IDLE",
        "description": null,
        "startTime": "09:00:00",
        "endTime": "17:00:00",
        "usageTime": 480
      },
      "dailyHours": 120,
      "dateTime": "2024-11-02T09:00:00",
      "manual": false
    },
    {
      "id": 32,
      "procedure": {
        "id": 304,
        "orderNo": "ORD-2024-003",
        "machineNo": "04",
        "name": "修边",
        "duration": 800,
        "procedureNo": 40,
        "nextProcedureNo": [],
        "startTime": "2024-11-06T09:00:00",
        "endTime": "2024-11-11T17:00:00",
        "status": "PENDING"
      },
      "order": {
        "id": 3,
        "name": "塑料外壳生产",
        "orderNo": "ORD-2024-003",
        "priority": 3,
        "startDate": null,
        "endDate": null
      },
      "machine": {
        "id": 4,
        "name": "Machine 4",
        "machineNo": "04",
        "model": "M4"
      },
      "maintenance": {
        "id": 110,
        "machine": {
          "id": 4,
          "name": "Machine 4",
          "machineNo": "04",
          "model": "M4"
        },
        "date": "2024-11-11",
        "capacity": 480,
        "status": "IDLE",
        "description": null,
        "startTime": "09:00:00",
        "endTime": "17:00:00",
        "usageTime": 480
      },
      "dailyHours": 480,
      "dateTime": "2024-11-11T09:00:00",
      "manual": false
    },
    {
      "id": 33,
      "procedure": {
        "id": 304,
        "orderNo": "ORD-2024-003",
        "machineNo": "04",
        "name": "修边",
        "duration": 800,
        "procedureNo": 40,
        "nextProcedureNo": [],
        "startTime": "2024-11-06T09:00:00",
        "endTime": "2024-11-11T17:00:00",
        "status": "PENDING"
      },
      "order": {
        "id": 3,
        "name": "塑料外壳生产",
        "orderNo": "ORD-2024-003",
        "priority": 3,
        "startDate": null,
        "endDate": null
      },
      "machine": {
        "id": 4,
        "name": "Machine 4",
        "machineNo": "04",
        "model": "M4"
      },
      "maintenance": {
        "id": 106,
        "machine": {
          "id": 4,
          "name": "Machine 4",
          "machineNo": "04",
          "model": "M4"
        },
        "date": "2024-11-07",
        "capacity": 480,
        "status": "IDLE",
        "description": null,
        "startTime": "09:00:00",
        "endTime": "17:00:00",
        "usageTime": 320
      },
      "dailyHours": 320,
      "dateTime": "2024-11-07T09:00:00",
      "manual": false
    },
    {
      "id": 34,
      "procedure": {
        "id": 401,
        "orderNo": "ORD-2024-004",
        "machineNo": "01",
        "name": "材料裁剪",
        "duration": 480,
        "procedureNo": 10,
        "nextProcedureNo": [
          20
        ],
        "startTime": "2024-10-26T09:00:00",
        "endTime": "2024-10-26T17:00:00",
        "status": "PENDING"
      },
      "order": {
        "id": 4,
        "name": "金属框架焊接",
        "orderNo": "ORD-2024-004",
        "priority": 2,
        "startDate": null,
        "endDate": null
      },
      "machine": {
        "id": 1,
        "name": "Machine 1",
        "machineNo": "01",
        "model": "M1"
      },
      "maintenance": {
        "id": 14,
        "machine": {
          "id": 1,
          "name": "Machine 1",
          "machineNo": "01",
          "model": "M1"
        },
        "date": "2024-10-30",
        "capacity": 480,
        "status": "IDLE",
        "description": null,
        "startTime": "09:00:00",
        "endTime": "17:00:00",
        "usageTime": 960
      },
      "dailyHours": 480,
      "dateTime": "2024-10-30T09:00:00",
      "manual": false
    },
    {
      "id": 35,
      "procedure": {
        "id": 402,
        "orderNo": "ORD-2024-004",
        "machineNo": "02",
        "name": "焊接",
        "duration": 600,
        "procedureNo": 20,
        "nextProcedureNo": [
          30
        ],
        "startTime": "2024-10-27T09:00:00",
        "endTime": "2024-11-05T17:00:00",
        "status": "PENDING"
      },
      "order": {
        "id": 4,
        "name": "金属框架焊接",
        "orderNo": "ORD-2024-004",
        "priority": 2,
        "startDate": null,
        "endDate": null
      },
      "machine": {
        "id": 2,
        "name": "Machine 2",
        "machineNo": "02",
        "model": "M2"
      },
      "maintenance": {
        "id": 48,
        "machine": {
          "id": 2,
          "name": "Machine 2",
          "machineNo": "02",
          "model": "M2"
        },
        "date": "2024-11-05",
        "capacity": 480,
        "status": "IDLE",
        "description": null,
        "startTime": "09:00:00",
        "endTime": "17:00:00",
        "usageTime": 480
      },
      "dailyHours": 480,
      "dateTime": "2024-11-05T09:00:00",
      "manual": false
    },
    {
      "id": 36,
      "procedure": {
        "id": 402,
        "orderNo": "ORD-2024-004",
        "machineNo": "02",
        "name": "焊接",
        "duration": 600,
        "procedureNo": 20,
        "nextProcedureNo": [
          30
        ],
        "startTime": "2024-10-27T09:00:00",
        "endTime": "2024-11-05T17:00:00",
        "status": "PENDING"
      },
      "order": {
        "id": 4,
        "name": "金属框架焊接",
        "orderNo": "ORD-2024-004",
        "priority": 2,
        "startDate": null,
        "endDate": null
      },
      "machine": {
        "id": 2,
        "name": "Machine 2",
        "machineNo": "02",
        "model": "M2"
      },
      "maintenance": {
        "id": 45,
        "machine": {
          "id": 2,
          "name": "Machine 2",
          "machineNo": "02",
          "model": "M2"
        },
        "date": "2024-11-02",
        "capacity": 480,
        "status": "IDLE",
        "description": null,
        "startTime": "09:00:00",
        "endTime": "17:00:00",
        "usageTime": 120
      },
      "dailyHours": 120,
      "dateTime": "2024-11-02T09:00:00",
      "manual": false
    },
    {
      "id": 37,
      "procedure": {
        "id": 403,
        "orderNo": "ORD-2024-004",
        "machineNo": "03",
        "name": "打磨",
        "duration": 900,
        "procedureNo": 30,
        "nextProcedureNo": [
          40
        ],
        "startTime": "2024-11-06T09:00:00",
        "endTime": "2024-11-08T17:00:00",
        "status": "PENDING"
      },
      "order": {
        "id": 4,
        "name": "金属框架焊接",
        "orderNo": "ORD-2024-004",
        "priority": 2,
        "startDate": null,
        "endDate": null
      },
      "machine": {
        "id": 3,
        "name": "Machine 3",
        "machineNo": "03",
        "model": "M3"
      },
      "maintenance": {
        "id": 79,
        "machine": {
          "id": 3,
          "name": "Machine 3",
          "machineNo": "03",
          "model": "M3"
        },
        "date": "2024-11-08",
        "capacity": 480,
        "status": "IDLE",
        "description": null,
        "startTime": "09:00:00",
        "endTime": "17:00:00",
        "usageTime": 480
      },
      "dailyHours": 480,
      "dateTime": "2024-11-08T09:00:00",
      "manual": false
    },
    {
      "id": 38,
      "procedure": {
        "id": 403,
        "orderNo": "ORD-2024-004",
        "machineNo": "03",
        "name": "打磨",
        "duration": 900,
        "procedureNo": 30,
        "nextProcedureNo": [
          40
        ],
        "startTime": "2024-11-06T09:00:00",
        "endTime": "2024-11-08T17:00:00",
        "status": "PENDING"
      },
      "order": {
        "id": 4,
        "name": "金属框架焊接",
        "orderNo": "ORD-2024-004",
        "priority": 2,
        "startDate": null,
        "endDate": null
      },
      "machine": {
        "id": 3,
        "name": "Machine 3",
        "machineNo": "03",
        "model": "M3"
      },
      "maintenance": {
        "id": 77,
        "machine": {
          "id": 3,
          "name": "Machine 3",
          "machineNo": "03",
          "model": "M3"
        },
        "date": "2024-11-06",
        "capacity": 480,
        "status": "IDLE",
        "description": null,
        "startTime": "09:00:00",
        "endTime": "17:00:00",
        "usageTime": 420
      },
      "dailyHours": 420,
      "dateTime": "2024-11-06T09:00:00",
      "manual": false
    },
    {
      "id": 39,
      "procedure": {
        "id": 404,
        "orderNo": "ORD-2024-004",
        "machineNo": "04",
        "name": "喷漆",
        "duration": 480,
        "procedureNo": 40,
        "nextProcedureNo": [],
        "startTime": "2024-11-08T17:00:00",
        "endTime": "2024-11-09T01:00:00",
        "status": "PENDING"
      },
      "order": {
        "id": 4,
        "name": "金属框架焊接",
        "orderNo": "ORD-2024-004",
        "priority": 2,
        "startDate": null,
        "endDate": null
      },
      "machine": {
        "id": 4,
        "name": "Machine 4",
        "machineNo": "04",
        "model": "M4"
      },
      "maintenance": {
        "id": 108,
        "machine": {
          "id": 4,
          "name": "Machine 4",
          "machineNo": "04",
          "model": "M4"
        },
        "date": "2024-11-09",
        "capacity": 480,
        "status": "IDLE",
        "description": null,
        "startTime": "09:00:00",
        "endTime": "17:00:00",
        "usageTime": 480
      },
      "dailyHours": 480,
      "dateTime": "2024-11-09T09:00:00",
      "manual": false
    },
    {
      "id": 40,
      "procedure": {
        "id": 101,
        "orderNo": "ORD-2024-001",
        "machineNo": "01",
        "name": "元件准备",
        "duration": 960,
        "procedureNo": 10,
        "nextProcedureNo": [
          20
        ],
        "startTime": "2024-10-21T17:00:00",
        "endTime": "2024-10-23T17:00:00",
        "status": "PROCESSING"
      },
      "order": {
        "id": 1,
        "name": "电子元件组装",
        "orderNo": "ORD-2024-001",
        "priority": 2,
        "startDate": null,
        "endDate": null
      },
      "machine": {
        "id": 1,
        "name": "Machine 1",
        "machineNo": "01",
        "model": "M1"
      },
      "maintenance": {
        "id": 7,
        "machine": {
          "id": 1,
          "name": "Machine 1",
          "machineNo": "01",
          "model": "M1"
        },
        "date": "2024-10-23",
        "capacity": 480,
        "status": "IDLE",
        "description": null,
        "startTime": "09:00:00",
        "endTime": "17:00:00",
        "usageTime": 480
      },
      "dailyHours": 480,
      "dateTime": "2024-10-23T09:00:00",
      "manual": false
    },
    {
      "id": 41,
      "procedure": {
        "id": 101,
        "orderNo": "ORD-2024-001",
        "machineNo": "01",
        "name": "元件准备",
        "duration": 960,
        "procedureNo": 10,
        "nextProcedureNo": [
          20
        ],
        "startTime": "2024-10-21T17:00:00",
        "endTime": "2024-10-23T17:00:00",
        "status": "PROCESSING"
      },
      "order": {
        "id": 1,
        "name": "电子元件组装",
        "orderNo": "ORD-2024-001",
        "priority": 2,
        "startDate": null,
        "endDate": null
      },
      "machine": {
        "id": 1,
        "name": "Machine 1",
        "machineNo": "01",
        "model": "M1"
      },
      "maintenance": {
        "id": 10,
        "machine": {
          "id": 1,
          "name": "Machine 1",
          "machineNo": "01",
          "model": "M1"
        },
        "date": "2024-10-26",
        "capacity": 480,
        "status": "IDLE",
        "description": null,
        "startTime": "09:00:00",
        "endTime": "17:00:00",
        "usageTime": 960
      },
      "dailyHours": 480,
      "dateTime": "2024-10-26T09:00:00",
      "manual": false
    },
    {
      "id": 42,
      "procedure": {
        "id": 102,
        "orderNo": "ORD-2024-001",
        "machineNo": "02",
        "name": "PCB焊接",
        "duration": 1000,
        "procedureNo": 20,
        "nextProcedureNo": [
          30
        ],
        "startTime": "2024-10-28T09:00:00",
        "endTime": "2024-11-04T17:00:00",
        "status": "PENDING"
      },
      "order": {
        "id": 1,
        "name": "电子元件组装",
        "orderNo": "ORD-2024-001",
        "priority": 2,
        "startDate": null,
        "endDate": null
      },
      "machine": {
        "id": 2,
        "name": "Machine 2",
        "machineNo": "02",
        "model": "M2"
      },
      "maintenance": {
        "id": 40,
        "machine": {
          "id": 2,
          "name": "Machine 2",
          "machineNo": "02",
          "model": "M2"
        },
        "date": "2024-10-28",
        "capacity": 480,
        "status": "IDLE",
        "description": null,
        "startTime": "09:00:00",
        "endTime": "17:00:00",
        "usageTime": 480
      },
      "dailyHours": 480,
      "dateTime": "2024-10-28T09:00:00",
      "manual": false
    },
    {
      "id": 43,
      "procedure": {
        "id": 102,
        "orderNo": "ORD-2024-001",
        "machineNo": "02",
        "name": "PCB焊接",
        "duration": 1000,
        "procedureNo": 20,
        "nextProcedureNo": [
          30
        ],
        "startTime": "2024-10-28T09:00:00",
        "endTime": "2024-11-04T17:00:00",
        "status": "PENDING"
      },
      "order": {
        "id": 1,
        "name": "电子元件组装",
        "orderNo": "ORD-2024-001",
        "priority": 2,
        "startDate": null,
        "endDate": null
      },
      "machine": {
        "id": 2,
        "name": "Machine 2",
        "machineNo": "02",
        "model": "M2"
      },
      "maintenance": {
        "id": 41,
        "machine": {
          "id": 2,
          "name": "Machine 2",
          "machineNo": "02",
          "model": "M2"
        },
        "date": "2024-10-29",
        "capacity": 480,
        "status": "IDLE",
        "description": null,
        "startTime": "09:00:00",
        "endTime": "17:00:00",
        "usageTime": 480
      },
      "dailyHours": 480,
      "dateTime": "2024-10-29T09:00:00",
      "manual": false
    },
    {
      "id": 44,
      "procedure": {
        "id": 102,
        "orderNo": "ORD-2024-001",
        "machineNo": "02",
        "name": "PCB焊接",
        "duration": 1000,
        "procedureNo": 20,
        "nextProcedureNo": [
          30
        ],
        "startTime": "2024-10-28T09:00:00",
        "endTime": "2024-11-04T17:00:00",
        "status": "PENDING"
      },
      "order": {
        "id": 1,
        "name": "电子元件组装",
        "orderNo": "ORD-2024-001",
        "priority": 2,
        "startDate": null,
        "endDate": null
      },
      "machine": {
        "id": 2,
        "name": "Machine 2",
        "machineNo": "02",
        "model": "M2"
      },
      "maintenance": {
        "id": 42,
        "machine": {
          "id": 2,
          "name": "Machine 2",
          "machineNo": "02",
          "model": "M2"
        },
        "date": "2024-10-30",
        "capacity": 480,
        "status": "IDLE",
        "description": null,
        "startTime": "09:00:00",
        "endTime": "17:00:00",
        "usageTime": 40
      },
      "dailyHours": 40,
      "dateTime": "2024-10-30T09:00:00",
      "manual": false
    },
    {
      "id": 45,
      "procedure": {
        "id": 103,
        "orderNo": "ORD-2024-001",
        "machineNo": "03",
        "name": "功能测试",
        "duration": 1200,
        "procedureNo": 30,
        "nextProcedureNo": [
          40
        ],
        "startTime": "2024-10-20T09:00:00",
        "endTime": "2024-11-07T13:00:00",
        "status": "PENDING"
      },
      "order": {
        "id": 1,
        "name": "电子元件组装",
        "orderNo": "ORD-2024-001",
        "priority": 2,
        "startDate": null,
        "endDate": null
      },
      "machine": {
        "id": 3,
        "name": "Machine 3",
        "machineNo": "03",
        "model": "M3"
      },
      "maintenance": {
        "id": 82,
        "machine": {
          "id": 3,
          "name": "Machine 3",
          "machineNo": "03",
          "model": "M3"
        },
        "date": "2024-11-11",
        "capacity": 480,
        "status": "IDLE",
        "description": null,
        "startTime": "09:00:00",
        "endTime": "17:00:00",
        "usageTime": 480
      },
      "dailyHours": 480,
      "dateTime": "2024-11-11T09:00:00",
      "manual": false
    },
    {
      "id": 46,
      "procedure": {
        "id": 103,
        "orderNo": "ORD-2024-001",
        "machineNo": "03",
        "name": "功能测试",
        "duration": 1200,
        "procedureNo": 30,
        "nextProcedureNo": [
          40
        ],
        "startTime": "2024-10-20T09:00:00",
        "endTime": "2024-11-07T13:00:00",
        "status": "PENDING"
      },
      "order": {
        "id": 1,
        "name": "电子元件组装",
        "orderNo": "ORD-2024-001",
        "priority": 2,
        "startDate": null,
        "endDate": null
      },
      "machine": {
        "id": 3,
        "name": "Machine 3",
        "machineNo": "03",
        "model": "M3"
      },
      "maintenance": {
        "id": 75,
        "machine": {
          "id": 3,
          "name": "Machine 3",
          "machineNo": "03",
          "model": "M3"
        },
        "date": "2024-11-04",
        "capacity": 480,
        "status": "IDLE",
        "description": null,
        "startTime": "09:00:00",
        "endTime": "17:00:00",
        "usageTime": 480
      },
      "dailyHours": 480,
      "dateTime": "2024-11-04T09:00:00",
      "manual": false
    },
    {
      "id": 47,
      "procedure": {
        "id": 103,
        "orderNo": "ORD-2024-001",
        "machineNo": "03",
        "name": "功能测试",
        "duration": 1200,
        "procedureNo": 30,
        "nextProcedureNo": [
          40
        ],
        "startTime": "2024-10-20T09:00:00",
        "endTime": "2024-11-07T13:00:00",
        "status": "PENDING"
      },
      "order": {
        "id": 1,
        "name": "电子元件组装",
        "orderNo": "ORD-2024-001",
        "priority": 2,
        "startDate": null,
        "endDate": null
      },
      "machine": {
        "id": 3,
        "name": "Machine 3",
        "machineNo": "03",
        "model": "M3"
      },
      "maintenance": {
        "id": 78,
        "machine": {
          "id": 3,
          "name": "Machine 3",
          "machineNo": "03",
          "model": "M3"
        },
        "date": "2024-11-07",
        "capacity": 480,
        "status": "IDLE",
        "description": null,
        "startTime": "09:00:00",
        "endTime": "17:00:00",
        "usageTime": 240
      },
      "dailyHours": 240,
      "dateTime": "2024-11-07T09:00:00",
      "manual": false
    },
    {
      "id": 48,
      "procedure": {
        "id": 104,
        "orderNo": "ORD-2024-001",
        "machineNo": "04",
        "name": "包装",
        "duration": 480,
        "procedureNo": 40,
        "nextProcedureNo": [],
        "startTime": "2024-10-27T09:00:00",
        "endTime": "2024-10-27T17:00:00",
        "status": "PENDING"
      },
      "order": {
        "id": 1,
        "name": "电子元件组装",
        "orderNo": "ORD-2024-001",
        "priority": 2,
        "startDate": null,
        "endDate": null
      },
      "machine": {
        "id": 4,
        "name": "Machine 4",
        "machineNo": "04",
        "model": "M4"
      },
      "maintenance": {
        "id": 112,
        "machine": {
          "id": 4,
          "name": "Machine 4",
          "machineNo": "04",
          "model": "M4"
        },
        "date": "2024-11-13",
        "capacity": 480,
        "status": "IDLE",
        "description": null,
        "startTime": "09:00:00",
        "endTime": "17:00:00",
        "usageTime": 480
      },
      "dailyHours": 480,
      "dateTime": "2024-11-13T09:00:00",
      "manual": false
    },
    {
      "id": 49,
      "procedure": {
        "id": 201,
        "orderNo": "ORD-2024-002",
        "machineNo": "01",
        "name": "原料切割",
        "duration": 1440,
        "procedureNo": 10,
        "nextProcedureNo": [
          20
        ],
        "startTime": "2024-10-25T09:00:00",
        "endTime": "2024-11-03T17:00:00",
        "status": "PENDING"
      },
      "order": {
        "id": 2,
        "name": "机械零件加工",
        "orderNo": "ORD-2024-002",
        "priority": 1,
        "startDate": null,
        "endDate": null
      },
      "machine": {
        "id": 1,
        "name": "Machine 1",
        "machineNo": "01",
        "model": "M1"
      },
      "maintenance": {
        "id": 9,
        "machine": {
          "id": 1,
          "name": "Machine 1",
          "machineNo": "01",
          "model": "M1"
        },
        "date": "2024-10-25",
        "capacity": 480,
        "status": "IDLE",
        "description": null,
        "startTime": "09:00:00",
        "endTime": "17:00:00",
        "usageTime": 480
      },
      "dailyHours": 480,
      "dateTime": "2024-10-25T09:00:00",
      "manual": false
    },
    {
      "id": 50,
      "procedure": {
        "id": 201,
        "orderNo": "ORD-2024-002",
        "machineNo": "01",
        "name": "原料切割",
        "duration": 1440,
        "procedureNo": 10,
        "nextProcedureNo": [
          20
        ],
        "startTime": "2024-10-25T09:00:00",
        "endTime": "2024-11-03T17:00:00",
        "status": "PENDING"
      },
      "order": {
        "id": 2,
        "name": "机械零件加工",
        "orderNo": "ORD-2024-002",
        "priority": 1,
        "startDate": null,
        "endDate": null
      },
      "machine": {
        "id": 1,
        "name": "Machine 1",
        "machineNo": "01",
        "model": "M1"
      },
      "maintenance": {
        "id": 26,
        "machine": {
          "id": 1,
          "name": "Machine 1",
          "machineNo": "01",
          "model": "M1"
        },
        "date": "2024-11-11",
        "capacity": 480,
        "status": "IDLE",
        "description": null,
        "startTime": "09:00:00",
        "endTime": "17:00:00",
        "usageTime": 480
      },
      "dailyHours": 480,
      "dateTime": "2024-11-11T09:00:00",
      "manual": false
    },
    {
      "id": 51,
      "procedure": {
        "id": 201,
        "orderNo": "ORD-2024-002",
        "machineNo": "01",
        "name": "原料切割",
        "duration": 1440,
        "procedureNo": 10,
        "nextProcedureNo": [
          20
        ],
        "startTime": "2024-10-25T09:00:00",
        "endTime": "2024-11-03T17:00:00",
        "status": "PENDING"
      },
      "order": {
        "id": 2,
        "name": "机械零件加工",
        "orderNo": "ORD-2024-002",
        "priority": 1,
        "startDate": null,
        "endDate": null
      },
      "machine": {
        "id": 1,
        "name": "Machine 1",
        "machineNo": "01",
        "model": "M1"
      },
      "maintenance": {
        "id": 16,
        "machine": {
          "id": 1,
          "name": "Machine 1",
          "machineNo": "01",
          "model": "M1"
        },
        "date": "2024-11-01",
        "capacity": 480,
        "status": "IDLE",
        "description": null,
        "startTime": "09:00:00",
        "endTime": "17:00:00",
        "usageTime": 960
      },
      "dailyHours": 480,
      "dateTime": "2024-11-01T09:00:00",
      "manual": false
    },
    {
      "id": 52,
      "procedure": {
        "id": 202,
        "orderNo": "ORD-2024-002",
        "machineNo": "02",
        "name": "机床加工",
        "duration": 480,
        "procedureNo": 20,
        "nextProcedureNo": [
          30
        ],
        "startTime": "2024-11-06T09:00:00",
        "endTime": "2024-11-06T17:00:00",
        "status": "PENDING"
      },
      "order": {
        "id": 2,
        "name": "机械零件加工",
        "orderNo": "ORD-2024-002",
        "priority": 1,
        "startDate": null,
        "endDate": null
      },
      "machine": {
        "id": 2,
        "name": "Machine 2",
        "machineNo": "02",
        "model": "M2"
      },
      "maintenance": {
        "id": 55,
        "machine": {
          "id": 2,
          "name": "Machine 2",
          "machineNo": "02",
          "model": "M2"
        },
        "date": "2024-11-12",
        "capacity": 480,
        "status": "IDLE",
        "description": null,
        "startTime": "09:00:00",
        "endTime": "17:00:00",
        "usageTime": 480
      },
      "dailyHours": 480,
      "dateTime": "2024-11-12T09:00:00",
      "manual": false
    },
    {
      "id": 53,
      "procedure": {
        "id": 203,
        "orderNo": "ORD-2024-002",
        "machineNo": "03",
        "name": "热处理",
        "duration": 960,
        "procedureNo": 30,
        "nextProcedureNo": [
          40
        ],
        "startTime": "2024-10-29T09:00:00",
        "endTime": "2024-11-06T01:00:00",
        "status": "PENDING"
      },
      "order": {
        "id": 2,
        "name": "机械零件加工",
        "orderNo": "ORD-2024-002",
        "priority": 1,
        "startDate": null,
        "endDate": null
      },
      "machine": {
        "id": 3,
        "name": "Machine 3",
        "machineNo": "03",
        "model": "M3"
      },
      "maintenance": {
        "id": 66,
        "machine": {
          "id": 3,
          "name": "Machine 3",
          "machineNo": "03",
          "model": "M3"
        },
        "date": "2024-10-26",
        "capacity": 480,
        "status": "IDLE",
        "description": null,
        "startTime": "09:00:00",
        "endTime": "17:00:00",
        "usageTime": 480
      },
      "dailyHours": 480,
      "dateTime": "2024-10-26T09:00:00",
      "manual": false
    },
    {
      "id": 54,
      "procedure": {
        "id": 203,
        "orderNo": "ORD-2024-002",
        "machineNo": "03",
        "name": "热处理",
        "duration": 960,
        "procedureNo": 30,
        "nextProcedureNo": [
          40
        ],
        "startTime": "2024-10-29T09:00:00",
        "endTime": "2024-11-06T01:00:00",
        "status": "PENDING"
      },
      "order": {
        "id": 2,
        "name": "机械零件加工",
        "orderNo": "ORD-2024-002",
        "priority": 1,
        "startDate": null,
        "endDate": null
      },
      "machine": {
        "id": 3,
        "name": "Machine 3",
        "machineNo": "03",
        "model": "M3"
      },
      "maintenance": {
        "id": 69,
        "machine": {
          "id": 3,
          "name": "Machine 3",
          "machineNo": "03",
          "model": "M3"
        },
        "date": "2024-10-29",
        "capacity": 480,
        "status": "IDLE",
        "description": null,
        "startTime": "09:00:00",
        "endTime": "17:00:00",
        "usageTime": 480
      },
      "dailyHours": 480,
      "dateTime": "2024-10-29T09:00:00",
      "manual": false
    },
    {
      "id": 55,
      "procedure": {
        "id": 204,
        "orderNo": "ORD-2024-002",
        "machineNo": "04",
        "name": "精加工",
        "duration": 1000,
        "procedureNo": 40,
        "nextProcedureNo": [
          50
        ],
        "startTime": "2024-11-03T09:00:00",
        "endTime": "2024-11-10T09:40:00",
        "status": "PENDING"
      },
      "order": {
        "id": 2,
        "name": "机械零件加工",
        "orderNo": "ORD-2024-002",
        "priority": 1,
        "startDate": null,
        "endDate": null
      },
      "machine": {
        "id": 4,
        "name": "Machine 4",
        "machineNo": "04",
        "model": "M4"
      },
      "maintenance": {
        "id": 102,
        "machine": {
          "id": 4,
          "name": "Machine 4",
          "machineNo": "04",
          "model": "M4"
        },
        "date": "2024-11-03",
        "capacity": 480,
        "status": "IDLE",
        "description": null,
        "startTime": "09:00:00",
        "endTime": "17:00:00",
        "usageTime": 480
      },
      "dailyHours": 480,
      "dateTime": "2024-11-03T09:00:00",
      "manual": false
    },
    {
      "id": 56,
      "procedure": {
        "id": 204,
        "orderNo": "ORD-2024-002",
        "machineNo": "04",
        "name": "精加工",
        "duration": 1000,
        "procedureNo": 40,
        "nextProcedureNo": [
          50
        ],
        "startTime": "2024-11-03T09:00:00",
        "endTime": "2024-11-10T09:40:00",
        "status": "PENDING"
      },
      "order": {
        "id": 2,
        "name": "机械零件加工",
        "orderNo": "ORD-2024-002",
        "priority": 1,
        "startDate": null,
        "endDate": null
      },
      "machine": {
        "id": 4,
        "name": "Machine 4",
        "machineNo": "04",
        "model": "M4"
      },
      "maintenance": {
        "id": 104,
        "machine": {
          "id": 4,
          "name": "Machine 4",
          "machineNo": "04",
          "model": "M4"
        },
        "date": "2024-11-05",
        "capacity": 480,
        "status": "IDLE",
        "description": null,
        "startTime": "09:00:00",
        "endTime": "17:00:00",
        "usageTime": 480
      },
      "dailyHours": 480,
      "dateTime": "2024-11-05T09:00:00",
      "manual": false
    },
    {
      "id": 57,
      "procedure": {
        "id": 204,
        "orderNo": "ORD-2024-002",
        "machineNo": "04",
        "name": "精加工",
        "duration": 1000,
        "procedureNo": 40,
        "nextProcedureNo": [
          50
        ],
        "startTime": "2024-11-03T09:00:00",
        "endTime": "2024-11-10T09:40:00",
        "status": "PENDING"
      },
      "order": {
        "id": 2,
        "name": "机械零件加工",
        "orderNo": "ORD-2024-002",
        "priority": 1,
        "startDate": null,
        "endDate": null
      },
      "machine": {
        "id": 4,
        "name": "Machine 4",
        "machineNo": "04",
        "model": "M4"
      },
      "maintenance": {
        "id": 103,
        "machine": {
          "id": 4,
          "name": "Machine 4",
          "machineNo": "04",
          "model": "M4"
        },
        "date": "2024-11-04",
        "capacity": 480,
        "status": "IDLE",
        "description": null,
        "startTime": "09:00:00",
        "endTime": "17:00:00",
        "usageTime": 40
      },
      "dailyHours": 40,
      "dateTime": "2024-11-04T09:00:00",
      "manual": false
    },
    {
      "id": 58,
      "procedure": {
        "id": 205,
        "orderNo": "ORD-2024-002",
        "machineNo": "05",
        "name": "质量检测",
        "duration": 1200,
        "procedureNo": 50,
        "nextProcedureNo": [],
        "startTime": "2024-11-01T17:00:00",
        "endTime": "2024-11-09T13:00:00",
        "status": "PENDING"
      },
      "order": {
        "id": 2,
        "name": "机械零件加工",
        "orderNo": "ORD-2024-002",
        "priority": 1,
        "startDate": null,
        "endDate": null
      },
      "machine": {
        "id": 5,
        "name": "Machine 5",
        "machineNo": "05",
        "model": "M5"
      },
      "maintenance": {
        "id": 134,
        "machine": {
          "id": 5,
          "name": "Machine 5",
          "machineNo": "05",
          "model": "M5"
        },
        "date": "2024-11-07",
        "capacity": 480,
        "status": "IDLE",
        "description": null,
        "startTime": "09:00:00",
        "endTime": "17:00:00",
        "usageTime": 480
      },
      "dailyHours": 480,
      "dateTime": "2024-11-07T09:00:00",
      "manual": false
    },
    {
      "id": 59,
      "procedure": {
        "id": 205,
        "orderNo": "ORD-2024-002",
        "machineNo": "05",
        "name": "质量检测",
        "duration": 1200,
        "procedureNo": 50,
        "nextProcedureNo": [],
        "startTime": "2024-11-01T17:00:00",
        "endTime": "2024-11-09T13:00:00",
        "status": "PENDING"
      },
      "order": {
        "id": 2,
        "name": "机械零件加工",
        "orderNo": "ORD-2024-002",
        "priority": 1,
        "startDate": null,
        "endDate": null
      },
      "machine": {
        "id": 5,
        "name": "Machine 5",
        "machineNo": "05",
        "model": "M5"
      },
      "maintenance": {
        "id": 135,
        "machine": {
          "id": 5,
          "name": "Machine 5",
          "machineNo": "05",
          "model": "M5"
        },
        "date": "2024-11-08",
        "capacity": 480,
        "status": "IDLE",
        "description": null,
        "startTime": "09:00:00",
        "endTime": "17:00:00",
        "usageTime": 480
      },
      "dailyHours": 480,
      "dateTime": "2024-11-08T09:00:00",
      "manual": false
    },
    {
      "id": 60,
      "procedure": {
        "id": 205,
        "orderNo": "ORD-2024-002",
        "machineNo": "05",
        "name": "质量检测",
        "duration": 1200,
        "procedureNo": 50,
        "nextProcedureNo": [],
        "startTime": "2024-11-01T17:00:00",
        "endTime": "2024-11-09T13:00:00",
        "status": "PENDING"
      },
      "order": {
        "id": 2,
        "name": "机械零件加工",
        "orderNo": "ORD-2024-002",
        "priority": 1,
        "startDate": null,
        "endDate": null
      },
      "machine": {
        "id": 5,
        "name": "Machine 5",
        "machineNo": "05",
        "model": "M5"
      },
      "maintenance": {
        "id": 136,
        "machine": {
          "id": 5,
          "name": "Machine 5",
          "machineNo": "05",
          "model": "M5"
        },
        "date": "2024-11-09",
        "capacity": 480,
        "status": "IDLE",
        "description": null,
        "startTime": "09:00:00",
        "endTime": "17:00:00",
        "usageTime": 240
      },
      "dailyHours": 240,
      "dateTime": "2024-11-09T09:00:00",
      "manual": false
    },
    {
      "id": 61,
      "procedure": {
        "id": 1001,
        "orderNo": "ORD-2024-010",
        "machineNo": "01",
        "name": "管道安装",
        "duration": 600,
        "procedureNo": 10,
        "nextProcedureNo": [
          20
        ],
        "startTime": "2024-11-05T09:00:00",
        "endTime": "2024-11-11T11:00:00",
        "status": "PENDING"
      },
      "order": {
        "id": 10,
        "name": "工业冷却系统安装",
        "orderNo": "ORD-2024-010",
        "priority": 1,
        "startDate": null,
        "endDate": null
      },
      "machine": {
        "id": 1,
        "name": "Machine 1",
        "machineNo": "01",
        "model": "M1"
      },
      "maintenance": {
        "id": 20,
        "machine": {
          "id": 1,
          "name": "Machine 1",
          "machineNo": "01",
          "model": "M1"
        },
        "date": "2024-11-05",
        "capacity": 480,
        "status": "IDLE",
        "description": null,
        "startTime": "09:00:00",
        "endTime": "17:00:00",
        "usageTime": 480
      },
      "dailyHours": 480,
      "dateTime": "2024-11-05T09:00:00",
      "manual": false
    },
    {
      "id": 62,
      "procedure": {
        "id": 1001,
        "orderNo": "ORD-2024-010",
        "machineNo": "01",
        "name": "管道安装",
        "duration": 600,
        "procedureNo": 10,
        "nextProcedureNo": [
          20
        ],
        "startTime": "2024-11-05T09:00:00",
        "endTime": "2024-11-11T11:00:00",
        "status": "PENDING"
      },
      "order": {
        "id": 10,
        "name": "工业冷却系统安装",
        "orderNo": "ORD-2024-010",
        "priority": 1,
        "startDate": null,
        "endDate": null
      },
      "machine": {
        "id": 1,
        "name": "Machine 1",
        "machineNo": "01",
        "model": "M1"
      },
      "maintenance": {
        "id": 5,
        "machine": {
          "id": 1,
          "name": "Machine 1",
          "machineNo": "01",
          "model": "M1"
        },
        "date": "2024-10-21",
        "capacity": 480,
        "status": "IDLE",
        "description": null,
        "startTime": "09:00:00",
        "endTime": "17:00:00",
        "usageTime": 120
      },
      "dailyHours": 120,
      "dateTime": "2024-10-21T09:00:00",
      "manual": false
    },
    {
      "id": 63,
      "procedure": {
        "id": 1002,
        "orderNo": "ORD-2024-010",
        "machineNo": "02",
        "name": "压缩机安装",
        "duration": 600,
        "procedureNo": 20,
        "nextProcedureNo": [
          30
        ],
        "startTime": "2024-10-21T09:00:00",
        "endTime": "2024-11-07T11:00:00",
        "status": "PENDING"
      },
      "order": {
        "id": 10,
        "name": "工业冷却系统安装",
        "orderNo": "ORD-2024-010",
        "priority": 1,
        "startDate": null,
        "endDate": null
      },
      "machine": {
        "id": 2,
        "name": "Machine 2",
        "machineNo": "02",
        "model": "M2"
      },
      "maintenance": {
        "id": 49,
        "machine": {
          "id": 2,
          "name": "Machine 2",
          "machineNo": "02",
          "model": "M2"
        },
        "date": "2024-11-06",
        "capacity": 480,
        "status": "IDLE",
        "description": null,
        "startTime": "09:00:00",
        "endTime": "17:00:00",
        "usageTime": 480
      },
      "dailyHours": 480,
      "dateTime": "2024-11-06T09:00:00",
      "manual": false
    },
    {
      "id": 64,
      "procedure": {
        "id": 1002,
        "orderNo": "ORD-2024-010",
        "machineNo": "02",
        "name": "压缩机安装",
        "duration": 600,
        "procedureNo": 20,
        "nextProcedureNo": [
          30
        ],
        "startTime": "2024-10-21T09:00:00",
        "endTime": "2024-11-07T11:00:00",
        "status": "PENDING"
      },
      "order": {
        "id": 10,
        "name": "工业冷却系统安装",
        "orderNo": "ORD-2024-010",
        "priority": 1,
        "startDate": null,
        "endDate": null
      },
      "machine": {
        "id": 2,
        "name": "Machine 2",
        "machineNo": "02",
        "model": "M2"
      },
      "maintenance": {
        "id": 50,
        "machine": {
          "id": 2,
          "name": "Machine 2",
          "machineNo": "02",
          "model": "M2"
        },
        "date": "2024-11-07",
        "capacity": 480,
        "status": "IDLE",
        "description": null,
        "startTime": "09:00:00",
        "endTime": "17:00:00",
        "usageTime": 160
      },
      "dailyHours": 120,
      "dateTime": "2024-11-07T09:00:00",
      "manual": false
    },
    {
      "id": 65,
      "procedure": {
        "id": 1003,
        "orderNo": "ORD-2024-010",
        "machineNo": "03",
        "name": "冷却液填充",
        "duration": 960,
        "procedureNo": 30,
        "nextProcedureNo": [
          40
        ],
        "startTime": "2024-11-04T09:00:00",
        "endTime": "2024-11-09T17:00:00",
        "status": "PENDING"
      },
      "order": {
        "id": 10,
        "name": "工业冷却系统安装",
        "orderNo": "ORD-2024-010",
        "priority": 1,
        "startDate": null,
        "endDate": null
      },
      "machine": {
        "id": 3,
        "name": "Machine 3",
        "machineNo": "03",
        "model": "M3"
      },
      "maintenance": {
        "id": 80,
        "machine": {
          "id": 3,
          "name": "Machine 3",
          "machineNo": "03",
          "model": "M3"
        },
        "date": "2024-11-09",
        "capacity": 480,
        "status": "IDLE",
        "description": null,
        "startTime": "09:00:00",
        "endTime": "17:00:00",
        "usageTime": 480
      },
      "dailyHours": 480,
      "dateTime": "2024-11-09T09:00:00",
      "manual": false
    },
    {
      "id": 66,
      "procedure": {
        "id": 1003,
        "orderNo": "ORD-2024-010",
        "machineNo": "03",
        "name": "冷却液填充",
        "duration": 960,
        "procedureNo": 30,
        "nextProcedureNo": [
          40
        ],
        "startTime": "2024-11-04T09:00:00",
        "endTime": "2024-11-09T17:00:00",
        "status": "PENDING"
      },
      "order": {
        "id": 10,
        "name": "工业冷却系统安装",
        "orderNo": "ORD-2024-010",
        "priority": 1,
        "startDate": null,
        "endDate": null
      },
      "machine": {
        "id": 3,
        "name": "Machine 3",
        "machineNo": "03",
        "model": "M3"
      },
      "maintenance": {
        "id": 81,
        "machine": {
          "id": 3,
          "name": "Machine 3",
          "machineNo": "03",
          "model": "M3"
        },
        "date": "2024-11-10",
        "capacity": 480,
        "status": "IDLE",
        "description": null,
        "startTime": "09:00:00",
        "endTime": "17:00:00",
        "usageTime": 480
      },
      "dailyHours": 480,
      "dateTime": "2024-11-10T09:00:00",
      "manual": false
    },
    {
      "id": 67,
      "procedure": {
        "id": 1004,
        "orderNo": "ORD-2024-010",
        "machineNo": "04",
        "name": "系统调试",
        "duration": 480,
        "procedureNo": 40,
        "nextProcedureNo": [
          50
        ],
        "startTime": "2024-11-03T09:00:00",
        "endTime": "2024-11-03T17:00:00",
        "status": "PENDING"
      },
      "order": {
        "id": 10,
        "name": "工业冷却系统安装",
        "orderNo": "ORD-2024-010",
        "priority": 1,
        "startDate": null,
        "endDate": null
      },
      "machine": {
        "id": 4,
        "name": "Machine 4",
        "machineNo": "04",
        "model": "M4"
      },
      "maintenance": {
        "id": 111,
        "machine": {
          "id": 4,
          "name": "Machine 4",
          "machineNo": "04",
          "model": "M4"
        },
        "date": "2024-11-12",
        "capacity": 480,
        "status": "IDLE",
        "description": null,
        "startTime": "09:00:00",
        "endTime": "17:00:00",
        "usageTime": 960
      },
      "dailyHours": 480,
      "dateTime": "2024-11-12T09:00:00",
      "manual": false
    },
    {
      "id": 68,
      "procedure": {
        "id": 1005,
        "orderNo": "ORD-2024-010",
        "machineNo": "05",
        "name": "性能测试",
        "duration": 480,
        "procedureNo": 50,
        "nextProcedureNo": [],
        "startTime": "2024-11-03T09:00:00",
        "endTime": "2024-11-03T17:00:00",
        "status": "PENDING"
      },
      "order": {
        "id": 10,
        "name": "工业冷却系统安装",
        "orderNo": "ORD-2024-010",
        "priority": 1,
        "startDate": null,
        "endDate": null
      },
      "machine": {
        "id": 5,
        "name": "Machine 5",
        "machineNo": "05",
        "model": "M5"
      },
      "maintenance": {
        "id": 140,
        "machine": {
          "id": 5,
          "name": "Machine 5",
          "machineNo": "05",
          "model": "M5"
        },
        "date": "2024-11-13",
        "capacity": 480,
        "status": "IDLE",
        "description": null,
        "startTime": "09:00:00",
        "endTime": "17:00:00",
        "usageTime": 480
      },
      "dailyHours": 480,
      "dateTime": "2024-11-13T09:00:00",
      "manual": false
    },
    {
      "id": 69,
      "procedure": {
        "id": 901,
        "orderNo": "ORD-2024-009",
        "machineNo": "01",
        "name": "电池制造",
        "duration": 480,
        "procedureNo": 10,
        "nextProcedureNo": [
          20
        ],
        "startTime": "2024-10-25T17:00:00",
        "endTime": "2024-10-26T01:00:00",
        "status": "PENDING"
      },
      "order": {
        "id": 9,
        "name": "太阳能面板组装",
        "orderNo": "ORD-2024-009",
        "priority": 2,
        "startDate": null,
        "endDate": null
      },
      "machine": {
        "id": 1,
        "name": "Machine 1",
        "machineNo": "01",
        "model": "M1"
      },
      "maintenance": {
        "id": 18,
        "machine": {
          "id": 1,
          "name": "Machine 1",
          "machineNo": "01",
          "model": "M1"
        },
        "date": "2024-11-03",
        "capacity": 480,
        "status": "IDLE",
        "description": null,
        "startTime": "09:00:00",
        "endTime": "17:00:00",
        "usageTime": 480
      },
      "dailyHours": 480,
      "dateTime": "2024-11-03T09:00:00",
      "manual": false
    },
    {
      "id": 70,
      "procedure": {
        "id": 902,
        "orderNo": "ORD-2024-009",
        "machineNo": "02",
        "name": "面板组装",
        "duration": 960,
        "procedureNo": 20,
        "nextProcedureNo": [
          30
        ],
        "startTime": "2024-10-22T09:00:00",
        "endTime": "2024-11-04T17:00:00",
        "status": "PENDING"
      },
      "order": {
        "id": 9,
        "name": "太阳能面板组装",
        "orderNo": "ORD-2024-009",
        "priority": 2,
        "startDate": null,
        "endDate": null
      },
      "machine": {
        "id": 2,
        "name": "Machine 2",
        "machineNo": "02",
        "model": "M2"
      },
      "maintenance": {
        "id": 47,
        "machine": {
          "id": 2,
          "name": "Machine 2",
          "machineNo": "02",
          "model": "M2"
        },
        "date": "2024-11-04",
        "capacity": 480,
        "status": "IDLE",
        "description": null,
        "startTime": "09:00:00",
        "endTime": "17:00:00",
        "usageTime": 480
      },
      "dailyHours": 480,
      "dateTime": "2024-11-04T09:00:00",
      "manual": false
    },
    {
      "id": 71,
      "procedure": {
        "id": 902,
        "orderNo": "ORD-2024-009",
        "machineNo": "02",
        "name": "面板组装",
        "duration": 960,
        "procedureNo": 20,
        "nextProcedureNo": [
          30
        ],
        "startTime": "2024-10-22T09:00:00",
        "endTime": "2024-11-04T17:00:00",
        "status": "PENDING"
      },
      "order": {
        "id": 9,
        "name": "太阳能面板组装",
        "orderNo": "ORD-2024-009",
        "priority": 2,
        "startDate": null,
        "endDate": null
      },
      "machine": {
        "id": 2,
        "name": "Machine 2",
        "machineNo": "02",
        "model": "M2"
      },
      "maintenance": {
        "id": 53,
        "machine": {
          "id": 2,
          "name": "Machine 2",
          "machineNo": "02",
          "model": "M2"
        },
        "date": "2024-11-10",
        "capacity": 480,
        "status": "IDLE",
        "description": null,
        "startTime": "09:00:00",
        "endTime": "17:00:00",
        "usageTime": 480
      },
      "dailyHours": 480,
      "dateTime": "2024-11-10T09:00:00",
      "manual": false
    },
    {
      "id": 72,
      "procedure": {
        "id": 903,
        "orderNo": "ORD-2024-009",
        "machineNo": "03",
        "name": "电路连接",
        "duration": 480,
        "procedureNo": 30,
        "nextProcedureNo": [
          40
        ],
        "startTime": "2024-11-03T09:00:00",
        "endTime": "2024-11-03T17:00:00",
        "status": "PENDING"
      },
      "order": {
        "id": 9,
        "name": "太阳能面板组装",
        "orderNo": "ORD-2024-009",
        "priority": 2,
        "startDate": null,
        "endDate": null
      },
      "machine": {
        "id": 3,
        "name": "Machine 3",
        "machineNo": "03",
        "model": "M3"
      },
      "maintenance": {
        "id": 83,
        "machine": {
          "id": 3,
          "name": "Machine 3",
          "machineNo": "03",
          "model": "M3"
        },
        "date": "2024-11-12",
        "capacity": 480,
        "status": "IDLE",
        "description": null,
        "startTime": "09:00:00",
        "endTime": "17:00:00",
        "usageTime": 480
      },
      "dailyHours": 480,
      "dateTime": "2024-11-12T09:00:00",
      "manual": false
    },
    {
      "id": 73,
      "procedure": {
        "id": 904,
        "orderNo": "ORD-2024-009",
        "machineNo": "04",
        "name": "效率测试",
        "duration": 480,
        "procedureNo": 40,
        "nextProcedureNo": [
          50
        ],
        "startTime": "2024-11-02T09:00:00",
        "endTime": "2024-11-02T17:00:00",
        "status": "PENDING"
      },
      "order": {
        "id": 9,
        "name": "太阳能面板组装",
        "orderNo": "ORD-2024-009",
        "priority": 2,
        "startDate": null,
        "endDate": null
      },
      "machine": {
        "id": 4,
        "name": "Machine 4",
        "machineNo": "04",
        "model": "M4"
      },
      "maintenance": {
        "id": 109,
        "machine": {
          "id": 4,
          "name": "Machine 4",
          "machineNo": "04",
          "model": "M4"
        },
        "date": "2024-11-10",
        "capacity": 480,
        "status": "IDLE",
        "description": null,
        "startTime": "09:00:00",
        "endTime": "17:00:00",
        "usageTime": 960
      },
      "dailyHours": 480,
      "dateTime": "2024-11-10T09:00:00",
      "manual": false
    },
    {
      "id": 74,
      "procedure": {
        "id": 905,
        "orderNo": "ORD-2024-009",
        "machineNo": "05",
        "name": "防水处理",
        "duration": 480,
        "procedureNo": 50,
        "nextProcedureNo": [],
        "startTime": "2024-10-20T17:00:00",
        "endTime": "2024-10-21T01:00:00",
        "status": "PENDING"
      },
      "order": {
        "id": 9,
        "name": "太阳能面板组装",
        "orderNo": "ORD-2024-009",
        "priority": 2,
        "startDate": null,
        "endDate": null
      },
      "machine": {
        "id": 5,
        "name": "Machine 5",
        "machineNo": "05",
        "model": "M5"
      },
      "maintenance": {
        "id": 138,
        "machine": {
          "id": 5,
          "name": "Machine 5",
          "machineNo": "05",
          "model": "M5"
        },
        "date": "2024-11-11",
        "capacity": 480,
        "status": "IDLE",
        "description": null,
        "startTime": "09:00:00",
        "endTime": "17:00:00",
        "usageTime": 480
      },
      "dailyHours": 480,
      "dateTime": "2024-11-11T09:00:00",
      "manual": false
    }
  ],
  "score": null,
  "solverStatus": "SOLVING_ACTIVE"
}